timestamp,subject_id,frame,global_distress,face_confidence,pain_index,fear_index,fatigue_index,agitation_index,tension_index,respiratory_index,au4,au5,au6,au7,au9,au10,au12,au15,au17,au20,au23,au24,au25,au26,au43,mar,episode_pain,episode_agitation,episode_fatigue,episode_fear,episode_eye_closure,gaze_yaw,gaze_pitch,gaze_variance,fixation_duration,recent_saccades,mean_gaze_speed,max_gaze_speed,eye_contact_ratio,behavior_state,baseline_ready
1782285593.7177,subject_01,1,24.15,0.0,27.66,40.7,28.42,16.17,16.75,0.0,0.3535,0.2721,0.4546,0.0,0.0,0.0,0.5032,0.0,0.0,0.8355,0.1752,0.0,0.2539,0.0,0.2981,0.1424,0,0,0,0,0,-0.051,-0.0755,0.0,0.0,0,0.0,0,1.0,alert,0
1782285593.9616,subject_01,2,26.64,0.387,27.39,40.79,21.91,34.49,22.81,1.98,0.2617,0.2684,0.4763,0.0,0.0562,0.0,0.4918,0.0813,0.0,0.8279,0.3135,0.3875,0.0462,0.0228,0.3015,0.0558,0,0,0,0,0,-0.0663,-0.2115,0.0047,0.0,1,0.0685,0.1369,1.0,alert,0
1782285594.091,subject_01,3,24.25,0.452,26.03,40.75,25.95,21.11,17.88,1.85,0.2518,0.3037,0.4697,0.0,0.0502,0.0,0.4315,0.1502,0.0,0.7877,0.2785,0.14,0.1,0.0364,0.2694,0.0802,0,0,0,0,0,-0.1179,-0.2242,0.0054,0.0333,1,0.0634,0.1369,1.0,alert,0
1782285594.2236,subject_01,4,23.22,0.504,26.73,33.59,27.16,24.12,10.23,1.11,0.2244,0.2431,0.4926,0.0,0.0279,0.0,0.2003,0.0,0.0,0.6336,0.0949,0.0,0.3853,0.0331,0.3244,0.2216,0,0,0,0,0,-0.1372,-0.225,0.0052,0.0667,1,0.0524,0.1369,1.0,alert,0
1782285594.348,subject_01,5,23.09,0.544,25.9,39.11,25.4,21.94,10.13,0.39,0.2822,0.2951,0.4767,0.0,0.0,0.0,0.3988,0.0,0.0,0.7658,0.0101,0.0,0.5019,0.0,0.2772,0.2557,0,0,0,0,0,-0.1184,-0.1889,0.0043,0.1,1,0.05,0.1369,1.0,alert,0
1782285594.4641,subject_01,6,24.25,0.573,25.27,40.98,21.15,32.68,11.13,0.72,0.2633,0.3208,0.4937,0.0,0.0,0.0,0.3779,0.0,0.0,0.7519,0.0765,0.0,0.4036,0.0707,0.2538,0.2147,0,0,0,0,0,-0.0727,-0.1881,0.0037,0.1333,1,0.0493,0.1369,1.0,alert,0
1782285594.6012,subject_01,7,24.84,0.599,24.38,40.14,22.06,28.08,26.84,0.77,0.2722,0.3283,0.4516,0.0,0.0044,0.0,0.3852,0.0947,0.0,0.7568,0.3387,0.5898,0.0022,0.0217,0.247,0.0389,0,0,0,0,0,-0.1092,-0.1692,0.0032,0.1667,1,0.0481,0.1369,1.0,alert,0
1782285594.7513,subject_01,8,23.88,0.629,25.59,40.65,24.89,24.65,12.98,0.94,0.273,0.2803,0.4521,0.0,0.0079,0.0,0.5244,0.0,0.0,0.8496,0.1372,0.0,0.3054,0.0,0.2906,0.1626,0,0,0,0,0,-0.1037,-0.1624,0.0029,0.2,1,0.0432,0.1369,1.0,alert,0
1782285594.8721,subject_01,9,24.12,0.657,25.71,39.88,25.85,21.45,19.34,1.14,0.2629,0.2824,0.4637,0.0,0.0129,0.0,0.4929,0.0,0.0,0.8286,0.2853,0.2004,0.0869,0.0,0.2887,0.0729,0,0,0,0,0,-0.1628,-0.1304,0.0032,0.2333,1,0.0459,0.1369,1.0,alert,0
1782285594.992,subject_01,10,23.27,0.675,24.18,42.03,24.86,18.04,19.89,0.79,0.2846,0.3385,0.4447,0.0,0.0,0.0,0.5028,0.0,0.0,0.8352,0.2818,0.1921,0.0887,0.0,0.2377,0.0734,0,0,0,0,0,-0.1384,-0.1064,0.0034,0.2667,1,0.0447,0.1369,1.0,alert,0
1782285595.1157,subject_01,11,23.62,0.693,25.75,38.74,27.01,18.32,18.83,1.16,0.2874,0.2836,0.4436,0.0,0.0114,0.0,0.4365,0.0,0.0,0.791,0.2739,0.128,0.1026,0.0,0.2876,0.0811,0,0,0,0,0,-0.1699,-0.0843,0.004,0.3,1,0.0441,0.1369,1.0,alert,0
1782285595.244,subject_01,12,23.75,0.711,25.64,38.67,27.43,16.94,21.62,1.54,0.2749,0.2853,0.4413,0.0,0.0234,0.0,0.4379,0.0,0.0,0.7919,0.3004,0.299,0.0654,0.0,0.2861,0.0652,0,0,0,0,0,-0.153,-0.0707,0.0044,0.3333,1,0.0423,0.1369,1.0,alert,0
1782285595.3792,subject_01,13,22.79,0.729,24.44,41.28,25.44,17.31,14.91,1.48,0.2561,0.3292,0.4541,0.0,0.0211,0.0,0.4913,0.0,0.0,0.8275,0.2379,0.0,0.1529,0.0,0.2462,0.1006,0,0,0,0,0,-0.1838,-0.0985,0.0046,0.3667,1,0.0422,0.1369,1.0,alert,0
1782285595.5102,subject_01,14,25.55,0.738,30.55,29.9,38.71,23.54,8.37,1.95,0.0966,0.0,0.4997,0.0,0.0363,0.0,0.4985,0.0,0.0,0.8323,0.1995,0.0,0.2138,0.0,0.5895,0.1258,0,0,0,0,0,-0.1633,-0.2311,0.0048,0.0,2,0.0488,0.1369,1.0,alert,0
1782285595.6142,subject_01,15,23.99,0.747,26.6,33.79,31.8,21.01,16.07,0.87,0.237,0.1468,0.4149,0.0,0.0,0.0,0.4181,0.0,0.0,0.7787,0.2674,0.0728,0.1146,0.0,0.412,0.0869,0,0,0,0,0,-0.1411,-0.1012,0.0047,0.0,3,0.0543,0.1369,1.0,alert,0
1782285595.7455,subject_01,16,30.19,0.75,32.51,29.29,43.28,40.09,17.76,1.36,0.1033,0.0,0.4164,0.0,0.016,0.0,0.4292,0.0,0.0,0.7861,0.3194,0.4106,0.0412,0.0,0.7644,0.055,0,0,0,0,0,-0.4885,-0.0888,0.0123,0.0,4,0.0726,0.3476,0.9375,alert,0
1782285595.8732,subject_01,17,29.21,0.755,33.92,27.1,52.55,21.84,19.55,1.55,0.1225,0.0,0.4403,0.0,0.0222,0.0,0.319,0.0,0.0,0.7126,0.3272,0.4721,0.0278,0.0,0.7719,0.0514,0,0,0,0,0,-0.4946,-0.2071,0.0184,0.0,5,0.0753,0.3476,0.8824,alert,0
1782285596.0144,subject_01,18,27.8,0.763,31.34,27.69,52.35,21.86,14.46,1.0,0.104,0.0,0.4172,0.0,0.0039,0.0,0.3612,0.0,0.0,0.7408,0.29,0.2377,0.0788,0.0,0.7284,0.073,0,0,0,0,0,-0.3917,-0.2166,0.0203,0.0,6,0.0769,0.3476,0.8333,alert,0
1782285596.1288,subject_01,19,25.26,0.761,25.89,33.48,36.53,23.21,21.26,0.89,0.2677,0.1654,0.3727,0.0,0.0,0.0,0.3762,0.0,0.0,0.7508,0.2976,0.2965,0.066,0.0,0.3951,0.067,0,0,0,0,0,-0.2615,-0.0384,0.0202,0.0,7,0.0844,0.3476,0.7895,alert,0
1782285596.2501,subject_01,20,24.29,0.762,24.87,35.38,35.93,18.32,20.55,0.89,0.2854,0.2164,0.3606,0.0,0.0,0.0,0.3902,0.0,0.0,0.7602,0.2866,0.2262,0.0813,0.0,0.3487,0.0733,0,0,0,0,0,-0.2239,-0.0128,0.0201,0.0,7,0.0825,0.3476,0.8,alert,0
1782285596.3719,subject_01,21,24.55,0.762,25.33,33.99,35.25,18.79,23.94,0.9,0.3086,0.2216,0.3605,0.0,0.0,0.0,0.3152,0.0,0.0,0.7101,0.3064,0.3654,0.051,0.0,0.344,0.0618,0,0,0,0,0,-0.176,-0.0376,0.0196,0.0,7,0.0811,0.3476,0.8095,alert,0
1782285596.5028,subject_01,22,24.91,0.772,25.02,35.77,33.33,22.38,23.39,0.9,0.2494,0.2242,0.4098,0.0,0.0,0.0,0.4174,0.0,0.0,0.7783,0.3183,0.4466,0.0333,0.0,0.3416,0.0519,0,0,0,0,0,-0.2807,-0.0703,0.0193,0.0,8,0.0824,0.3476,0.7727,alert,0
1782285596.6361,subject_01,23,25.59,0.779,28.78,30.19,40.08,18.15,20.4,2.16,0.2354,0.0883,0.4085,0.0,0.0421,0.0,0.3718,0.0,0.0,0.7478,0.2977,0.3147,0.062,0.0,0.4652,0.0653,0,0,0,0,0,-0.328,-0.0505,0.0196,0.0,8,0.0811,0.3476,0.7391,alert,0
1782285596.7698,subject_01,24,26.32,0.788,27.53,32.88,35.66,23.72,26.18,2.27,0.2408,0.1349,0.3917,0.0,0.0457,0.0,0.4397,0.0,0.0,0.7931,0.3431,0.612,0.0,0.0,0.4228,0.0361,0,0,0,0,0,-0.3614,-0.0389,0.0201,0.0,8,0.0792,0.3476,0.7083,alert,0
1782285596.8948,subject_01,25,27.89,0.795,31.04,27.36,39.56,27.04,27.28,2.03,0.243,0.0001,0.4156,0.0,0.0377,0.0,0.3978,0.0,0.0,0.7652,0.3519,0.6653,0.0,0.0,0.5453,0.0316,0,0,0,0,0,-0.3851,0.0235,0.0215,0.0,8,0.0787,0.3476,0.68,alert,0
1782285597.0099,subject_01,26,26.08,0.787,28.05,30.85,37.69,20.13,27.94,1.69,0.257,0.1096,0.393,0.0,0.026,0.0,0.3767,0.0,0.0,0.7511,0.3514,0.6775,0.0,0.0,0.4458,0.0307,0,0,0,0,0,-0.3978,-0.0114,0.0224,0.0,8,0.0771,0.3476,0.6538,alert,0
1782285597.1485,subject_01,27,25.38,0.787,25.88,34.06,33.99,16.76,35.14,0.91,0.3395,0.2267,0.3563,0.0,0.0,0.0,0.3393,0.0253,0.0,0.7262,0.3842,0.91,0.0,0.0,0.3394,0.0087,0,0,0,0,0,-0.2411,-0.0178,0.0219,0.0,9,0.08,0.3476,0.6667,alert,0
1782285597.2662,subject_01,28,26.02,0.796,27.69,33.49,35.06,18.08,31.5,1.85,0.3131,0.1789,0.3803,0.0,0.0313,0.0,0.3949,0.0,0.0,0.7633,0.3643,0.7621,0.0,0.0,0.3828,0.0225,0,0,0,0,0,-0.1915,0.0049,0.0216,0.0,9,0.0791,0.3476,0.6786,alert,0
1782285597.3916,subject_01,29,25.5,0.791,25.97,34.68,33.21,18.2,34.04,0.96,0.3359,0.2227,0.3583,0.0,0.0018,0.0,0.3689,0.0327,0.0,0.7459,0.3776,0.856,0.0,0.0,0.343,0.0137,0,0,0,0,0,-0.1877,0.0245,0.0215,0.0,9,0.0771,0.3476,0.6897,alert,0
1782285597.4966,subject_01,30,24.72,0.787,24.06,36.88,29.91,16.99,36.36,0.91,0.341,0.3134,0.3609,0.0,0.0,0.0,0.3252,0.064,0.0,0.7168,0.395,0.9698,0.0,0.0,0.2606,0.0029,0,0,0,0,0,-0.1567,0.0711,0.0219,0.0,9,0.0764,0.3476,0.7,alert,0
1782285597.6218,subject_01,31,24.72,0.783,24.7,37.17,31.1,16.09,33.29,0.91,0.3333,0.2915,0.3742,0.0,0.0,0.0,0.3795,0.0429,0.0,0.753,0.3711,0.8234,0.0,0.0,0.2804,0.0168,0,0,0,0,0,-0.1761,0.0286,0.0217,0.0,9,0.0754,0.3476,0.7097,alert,0
1782285597.7516,subject_01,32,25.26,0.786,25.15,36.7,30.21,17.7,36.79,0.91,0.348,0.294,0.3798,0.0,0.0,0.0,0.351,0.1027,0.0,0.734,0.3961,0.9807,0.0,0.0,0.2781,0.0019,0,0,0,0,0,-0.2425,0.0817,0.022,0.0,9,0.0757,0.3476,0.7188,alert,0
1782285597.8775,subject_01,33,26.02,0.792,26.6,34.19,32.27,20.96,34.87,1.12,0.337,0.2069,0.3628,0.0,0.007,0.0,0.3819,0.0543,0.0,0.7546,0.3834,0.8997,0.0,0.0,0.3574,0.0095,0,0,0,0,0,-0.2468,-0.1245,0.0214,0.0,10,0.0797,0.3476,0.7273,alert,0
1782285598.0016,subject_01,34,25.05,0.776,23.98,36.28,28.91,20.84,36.45,1.07,0.3406,0.2967,0.3375,0.0,0.0054,0.0,0.3155,0.0416,0.0,0.7104,0.3965,0.9743,0.0,0.0,0.2757,0.0025,0,0,0,0,0,-0.2791,-0.085,0.0209,0.0,10,0.0788,0.3476,0.7059,alert,0
1782285598.1249,subject_01,35,25.13,0.781,25.79,33.54,33.84,18.32,31.53,0.91,0.2884,0.1941,0.3743,0.0,0.0,0.0,0.3604,0.0035,0.0,0.7403,0.3724,0.8083,0.0,0.0,0.369,0.0184,0,0,0,0,0,-0.3765,0.0013,0.0212,0.0,10,0.0803,0.3476,0.6857,alert,0
1782285598.2514,subject_01,36,24.83,0.773,24.8,35.51,32.01,20.08,29.23,0.91,0.2944,0.2254,0.3572,0.0,0.0,0.0,0.3906,0.0,0.0,0.7604,0.3501,0.6781,0.0,0.0,0.3405,0.0305,0,0,0,0,0,-0.3469,-0.0304,0.0211,0.0,10,0.0793,0.3476,0.6667,alert,0
1782285598.3887,subject_01,37,25.15,0.778,25.81,34.84,32.26,18.05,32.49,0.91,0.3164,0.2327,0.3823,0.0,0.0,0.0,0.3396,0.0229,0.0,0.7264,0.3697,0.8115,0.0,0.0,0.3339,0.0182,0,0,0,0,0,-0.3484,-0.0139,0.0211,0.0,10,0.0776,0.3476,0.6486,alert,0
1782285598.5214,subject_01,38,28.74,0.779,32.29,27.48,49.5,20.82,26.75,0.91,0.1722,0.0,0.4011,0.0,0.0,0.0,0.3925,0.0174,0.0,0.7617,0.3636,0.7757,0.0,0.0,0.7185,0.0212,0,0,0,0,0,-0.3311,0.0236,0.0211,0.0,10,0.0766,0.3476,0.6316,alert,0
1782285598.6701,subject_01,39,26.09,0.771,26.43,30.91,37.36,20.34,34.53,0.91,0.2781,0.1125,0.3359,0.0,0.0,0.0,0.3649,0.0568,0.0,0.7432,0.3972,0.9911,0.0,0.0,0.4432,0.0008,0,0,0,0,0,-0.227,0.0189,0.0208,0.0,11,0.0773,0.3476,0.641,alert,0
1782285598.8255,subject_01,40,25.42,0.782,25.45,35.14,31.42,17.89,37.56,0.91,0.3679,0.2706,0.3505,0.0,0.0,0.0,0.3103,0.0396,0.0,0.7069,0.3959,0.9856,0.0,0.0,0.2995,0.0014,0,0,0,0,0,-0.0974,-0.0023,0.0209,0.0,12,0.0787,0.3476,0.65,alert,0
1782285598.9428,subject_01,41,26.69,0.785,27.13,38.94,30.53,21.53,33.0,2.42,0.3772,0.2546,0.3436,0.0,0.0503,0.0,0.5302,0.0,0.0,0.8534,0.3564,0.7256,0.0,0.0,0.314,0.0247,0,0,0,0,0,-0.126,-0.0173,0.0207,0.0,12,0.0776,0.3476,0.6585,alert,0
1782285599.0631,subject_01,42,25.41,0.768,24.92,38.3,30.51,18.77,34.63,0.91,0.3805,0.2884,0.3329,0.0,0.0,0.0,0.4231,0.0173,0.0,0.782,0.369,0.8058,0.0,0.0,0.2833,0.0182,0,0,0,0,0,-0.1168,-0.0017,0.0206,0.0,12,0.0761,0.3476,0.6667,alert,0
1782285599.194,subject_01,43,25.11,0.78,24.05,39.88,28.34,19.22,34.72,1.01,0.372,0.3283,0.3399,0.0,0.0033,0.0,0.4435,0.0,0.0,0.7956,0.3743,0.8226,0.0,0.0,0.247,0.0165,0,0,0,0,0,-0.0637,-0.0117,0.0208,0.0,12,0.0756,0.3476,0.6744,alert,0
1782285599.3124,subject_01,44,23.87,0.773,22.19,44.06,23.4,20.5,28.2,0.91,0.395,0.439,0.3462,0.0,0.0,0.0,0.4578,0.0,0.0,0.8052,0.3164,0.4311,0.0367,0.0,0.1463,0.0525,0,0,0,0,0,-0.0225,-0.0388,0.0212,0.0,12,0.075,0.3476,0.6818,alert,0
1782285599.4282,subject_01,45,22.98,0.792,23.0,43.03,23.17,21.5,15.97,1.74,0.3808,0.4226,0.3502,0.0,0.0276,0.0,0.4534,0.0,0.0,0.8023,0.1057,0.0,0.3553,0.0,0.1613,0.1881,0,0,0,0,0,-0.0223,-0.011,0.0216,0.0,12,0.074,0.3476,0.6889,alert,0
1782285599.5428,subject_01,46,22.77,0.797,23.87,39.33,26.34,17.85,17.85,1.0,0.4006,0.3737,0.3455,0.0,0.003,0.0,0.36,0.0,0.0,0.74,0.1532,0.0,0.2867,0.0,0.2057,0.1646,0,0,0,0,0,-0.0674,-0.0291,0.0216,0.0,12,0.0734,0.3476,0.6957,alert,0
1782285599.6755,subject_01,47,22.69,0.789,22.86,41.95,24.47,18.37,17.78,1.96,0.3725,0.4177,0.3415,0.0,0.0349,0.0,0.4112,0.0,0.0,0.7742,0.1898,0.0,0.2305,0.0,0.1658,0.1372,0,0,0,0,0,-0.028,-0.0459,0.0218,0.0,12,0.0728,0.3476,0.7021,alert,0
1782285599.81,subject_01,48,23.21,0.793,23.46,42.15,24.5,20.0,18.34,1.62,0.3806,0.3979,0.3507,0.0,0.0236,0.0,0.4504,0.0,0.0,0.8003,0.2009,0.0,0.2111,0.0,0.1837,0.1269,0,0,0,0,0,-0.0825,-0.0086,0.0217,0.0,12,0.0726,0.3476,0.7083,alert,0
1782285599.9407,subject_01,49,23.1,0.79,24.27,39.87,27.31,17.32,17.68,1.65,0.3815,0.3536,0.3409,0.0,0.0245,0.0,0.4166,0.0,0.0,0.7777,0.1733,0.0,0.2567,0.0,0.224,0.1482,0,0,0,0,0,-0.0547,-0.0103,0.0218,0.0,12,0.0717,0.3476,0.7143,alert,0
1782285600.0789,subject_01,50,24.8,0.799,26.08,39.89,27.54,23.1,17.1,3.88,0.3621,0.288,0.2988,0.0,0.0987,0.0,0.5409,0.0,0.0,0.8606,0.1771,0.0,0.2551,0.0,0.2837,0.1409,0,0,0,0,0,-0.0114,-0.0242,0.0221,0.0,12,0.0712,0.3476,0.72,alert,0
1782285600.2122,subject_01,51,25.13,0.796,27.04,37.43,28.48,26.6,15.32,2.58,0.3414,0.2335,0.3518,0.0,0.0554,0.0,0.5044,0.0,0.0,0.8363,0.1349,0.0,0.3172,0.0,0.3332,0.1687,0,0,0,0,0,-0.2404,-0.0357,0.0217,0.0,13,0.0743,0.3476,0.7255,alert,0
1782285600.3559,subject_01,52,24.54,0.802,28.53,35.05,34.59,16.09,14.39,2.56,0.3287,0.1752,0.3716,0.0,0.0548,0.0,0.4942,0.0,0.0,0.8295,0.1155,0.0,0.3443,0.0,0.3862,0.1807,0,0,0,0,0,-0.3139,0.0405,0.0217,0.0,13,0.0749,0.3476,0.7115,alert,0
1782285600.4873,subject_01,53,24.32,0.805,25.41,38.73,26.89,21.54,20.8,2.73,0.3703,0.3097,0.3216,0.0,0.0605,0.0,0.4445,0.0,0.0,0.7963,0.267,0.0778,0.1135,0.0,0.2639,0.0856,0,0,0,0,0,-0.1758,0.0017,0.0214,0.0,14,0.0762,0.3476,0.717,alert,0
1782285600.6298,subject_01,54,23.75,0.798,25.37,41.29,24.53,19.97,17.32,2.66,0.4028,0.3853,0.3588,0.0,0.0581,0.0,0.4393,0.0,0.0,0.7928,0.129,0.0,0.3262,0.0,0.1952,0.1767,0,0,0,0,0,-0.1055,0.0026,0.0212,0.0,14,0.0761,0.3476,0.7222,alert,0
1782285600.7641,subject_01,55,22.66,0.801,23.58,41.17,26.4,16.01,16.46,2.19,0.3652,0.3729,0.3292,0.0,0.0425,0.0,0.4611,0.0,0.0,0.8074,0.147,0.0,0.2953,0.0,0.2064,0.1621,0,0,0,0,0,-0.0298,0.0272,0.0215,0.0,14,0.0761,0.3476,0.7273,alert,0
1782285600.9055,subject_01,56,22.96,0.801,24.77,39.2,27.02,15.91,18.56,1.2,0.405,0.3568,0.3553,0.0,0.0094,0.0,0.3835,0.0,0.0,0.7557,0.1754,0.0,0.2522,0.0,0.2211,0.1481,0,0,0,0,0,-0.011,-0.0063,0.0217,0.0,14,0.0755,0.3476,0.7321,alert,0
1782285601.0354,subject_01,57,23.48,0.801,25.29,38.57,29.58,15.64,19.25,1.35,0.3924,0.2959,0.3282,0.0,0.0146,0.0,0.4562,0.0,0.0,0.8042,0.2206,0.0,0.1829,0.0,0.2765,0.1147,0,0,0,0,0,-0.0228,0.0108,0.0219,0.0,14,0.0745,0.3476,0.7368,alert,0
1782285601.1776,subject_01,58,23.56,0.803,25.31,38.98,28.52,15.97,20.17,1.68,0.3913,0.3161,0.3376,0.0,0.0254,0.0,0.4427,0.0,0.0,0.7951,0.2569,0.0039,0.1296,0.0,0.2581,0.0925,0,0,0,0,0,-0.029,-0.0174,0.022,0.0,14,0.0737,0.3476,0.7414,alert,0
1782285601.3201,subject_01,59,23.12,0.807,24.64,40.18,27.61,14.52,19.58,1.92,0.3872,0.348,0.3356,0.0,0.0335,0.0,0.4441,0.0,0.0,0.7961,0.2412,0.0,0.1487,0.0,0.2291,0.1006,0,0,0,0,0,-0.0201,0.0117,0.0221,0.0,14,0.073,0.3476,0.7458,alert,0
1782285601.4522,subject_01,60,23.57,0.803,25.03,40.2,28.04,14.51,22.12,1.9,0.3882,0.3387,0.3423,0.0,0.033,0.0,0.4608,0.0,0.0,0.8072,0.2711,0.117,0.105,0.0,0.2375,0.0814,0,0,0,0,0,-0.0218,0.0181,0.0222,0.0,14,0.0719,0.3476,0.75,alert,0
1782285601.5752,subject_01,61,23.48,0.803,24.32,39.15,27.31,14.47,26.87,1.43,0.3887,0.3559,0.3451,0.0,0.0173,0.0,0.3809,0.0,0.0,0.7539,0.3076,0.3718,0.0496,0.0,0.2219,0.0597,0,0,0,0,0,0.0102,0.0142,0.0225,0.0,14,0.0712,0.3476,0.7541,alert,0
1782285601.6979,subject_01,62,23.34,0.801,22.93,42.24,23.76,17.68,25.41,2.19,0.3682,0.4135,0.3368,0.0,0.0427,0.0,0.4331,0.0,0.0,0.7887,0.3019,0.3319,0.0583,0.0,0.1695,0.0622,0,0,0,0,0,-0.0475,0.0381,0.0226,0.0,14,0.0711,0.3476,0.7581,alert,0
1782285601.8479,subject_01,63,23.95,0.815,23.39,41.44,24.95,19.31,27.74,1.4,0.375,0.36,0.3263,0.0,0.0161,0.0,0.4809,0.0,0.0,0.8206,0.3179,0.4446,0.0338,0.0,0.2181,0.0508,0,0,0,0,0,-0.0246,0.0366,0.0227,0.0,14,0.0703,0.3476,0.7619,alert,0
1782285601.9835,subject_01,64,24.07,0.803,23.61,42.1,25.45,17.8,28.53,1.55,0.3654,0.3678,0.3468,0.0,0.0211,0.0,0.5031,0.0,0.0,0.8354,0.3284,0.5023,0.0212,0.0,0.2111,0.0452,0,0,0,0,0,-0.0546,0.0259,0.0226,0.0,14,0.0697,0.3476,0.7656,alert,0
1782285602.1235,subject_01,65,23.42,0.8,24.26,40.64,25.89,15.81,23.93,1.86,0.3812,0.3768,0.3546,0.0,0.0316,0.0,0.4163,0.0,0.0,0.7776,0.286,0.2291,0.0806,0.0,0.2029,0.0723,0,0,0,0,0,-0.0192,0.0481,0.0227,0.0,14,0.0693,0.3476,0.7692,alert,0
1782285602.2572,subject_01,66,23.26,0.812,24.49,40.28,26.61,14.46,23.02,1.9,0.3788,0.3631,0.3527,0.0,0.0327,0.0,0.421,0.0,0.0,0.7807,0.2814,0.1818,0.0909,0.0,0.2154,0.0766,0,0,0,0,0,-0.0192,0.0374,0.0228,0.0,14,0.0684,0.3476,0.7727,alert,0
1782285602.3932,subject_01,67,23.3,0.806,24.37,40.69,26.66,15.07,22.39,1.69,0.3826,0.359,0.3474,0.0,0.0259,0.0,0.4545,0.0,0.0,0.803,0.274,0.1434,0.0993,0.0,0.2191,0.0792,0,0,0,0,0,-0.0146,0.0348,0.0229,0.0333,14,0.0675,0.3476,0.7761,alert,0
1782285602.5243,subject_01,68,23.24,0.805,24.87,39.53,27.56,14.71,20.6,2.06,0.3743,0.3395,0.3458,0.0,0.0381,0.0,0.4255,0.0,0.0,0.7837,0.263,0.0613,0.1171,0.0,0.2368,0.0877,0,0,0,0,0,0.0198,-0.0046,0.0231,0.0667,14,0.0672,0.3476,0.7794,alert,0
1782285602.6673,subject_01,69,22.79,0.798,24.1,39.23,27.2,15.44,19.81,0.91,0.378,0.3459,0.3552,0.0,0.0,0.0,0.4009,0.0,0.0,0.7673,0.2563,0.0114,0.1279,0.0,0.231,0.0932,0,0,0,0,0,-0.059,-0.0102,0.0229,0.1,14,0.0674,0.3476,0.7826,alert,0
1782285602.856,subject_01,70,23.49,0.787,25.07,39.29,27.92,17.39,18.68,1.55,0.3704,0.3158,0.353,0.0,0.0211,0.0,0.4518,0.0,0.0,0.8012,0.2287,0.0,0.168,0.0,0.2584,0.1085,0,0,0,0,0,-0.0283,-0.0624,0.0228,0.1333,14,0.0673,0.3476,0.7857,alert,0
1782285603.0252,subject_01,71,25.73,0.756,25.04,43.35,22.04,30.25,23.47,2.73,0.3619,0.358,0.3592,0.0,0.0605,0.0,0.5379,0.0,0.0,0.8586,0.2909,0.2356,0.0792,0.0,0.22,0.0685,0,0,0,0,0,-0.0399,-0.1621,0.0229,0.0,14,0.0678,0.3476,0.7887,alert,0
1782285603.179,subject_01,72,23.27,0.754,23.05,43.32,24.09,19.64,19.75,1.7,0.3681,0.4054,0.351,0.0,0.0261,0.0,0.4492,0.0,0.0,0.7994,0.2608,0.0231,0.1254,0.0,0.1769,0.0905,0,0,0,0,0,-0.0493,-0.1464,0.0228,0.0333,14,0.0671,0.3476,0.7917,alert,0
1782285603.354,subject_01,73,23.07,0.757,23.03,42.2,25.44,17.58,21.34,0.96,0.37,0.3888,0.3578,0.0,0.0014,0.0,0.4299,0.0,0.0,0.7866,0.2715,0.1066,0.1073,0.0,0.192,0.0833,0,0,0,0,0,-0.0282,-0.1667,0.0229,0.0667,14,0.0666,0.3476,0.7945,alert,0
1782285603.5012,subject_01,74,23.88,0.758,23.44,41.27,24.78,21.96,23.61,1.19,0.3545,0.3637,0.3588,0.0,0.0093,0.0,0.4344,0.0,0.0,0.7896,0.2931,0.258,0.0744,0.0,0.2148,0.0691,0,0,0,0,0,-0.0423,-0.1406,0.0229,0.1,14,0.0661,0.3476,0.7973,alert,0
1782285603.6838,subject_01,75,24.22,0.754,23.43,41.47,25.89,20.84,26.96,0.91,0.3539,0.348,0.3542,0.0,0.0,0.0,0.4644,0.0,0.0,0.8096,0.3208,0.4374,0.0354,0.0,0.2291,0.0518,0,0,0,0,0,-0.0258,-0.1262,0.0229,0.1333,14,0.0655,0.3476,0.8,alert,0
1782285603.863,subject_01,76,23.99,0.757,23.06,41.68,22.32,24.24,25.97,0.91,0.3698,0.4022,0.3726,0.0,0.0,0.0,0.3951,0.0,0.0,0.7634,0.3085,0.3544,0.0534,0.0,0.1798,0.061,0,0,0,0,0,0.0005,-0.1891,0.0231,0.1667,14,0.0655,0.3476,0.8026,alert,0
1782285603.9976,subject_01,77,25.05,0.755,24.59,37.82,28.04,25.29,26.78,0.91,0.2968,0.2537,0.3722,0.0,0.0,0.0,0.4465,0.0,0.0,0.7977,0.3324,0.5387,0.0133,0.0,0.3148,0.0428,0,0,0,0,0,-0.3049,-0.2025,0.0234,0.0,15,0.0686,0.3476,0.7922,alert,0
1782285604.1301,subject_01,78,25.74,0.747,27.08,32.13,35.08,24.57,23.73,1.2,0.2317,0.0921,0.3801,0.0,0.0096,0.0,0.4253,0.0,0.0,0.7835,0.3267,0.4966,0.0225,0.0,0.4617,0.047,0,0,0,0,0,-0.4955,-0.1991,0.0249,0.0,16,0.0702,0.3476,0.7821,alert,0
1782285604.2471,subject_01,79,27.14,0.743,30.35,28.85,43.05,21.09,23.5,2.23,0.195,0.0,0.3666,0.0,0.0439,0.0,0.4166,0.0,0.0,0.7778,0.3343,0.5547,0.0098,0.0,0.6086,0.0417,0,0,0,0,0,-0.4903,-0.1462,0.0261,0.0,16,0.07,0.3476,0.7722,alert,0
1782285604.397,subject_01,80,25.59,0.746,28.64,27.92,40.78,18.55,22.75,2.01,0.2076,0.0072,0.3626,0.0,0.0365,0.0,0.3698,0.0,0.0,0.7465,0.3246,0.4915,0.0236,0.0,0.5389,0.0485,0,0,0,0,0,-0.5056,-0.1099,0.0273,0.0,16,0.0696,0.3476,0.7625,alert,0
1782285604.5272,subject_01,81,26.52,0.738,24.06,39.52,24.19,32.63,34.1,2.36,0.3288,0.287,0.3007,0.0,0.0482,0.0,0.4486,0.005,0.0,0.7991,0.382,0.8695,0.0,0.0,0.2846,0.0121,0,0,0,0,0,-0.115,-0.1212,0.0271,0.0,17,0.0736,0.3908,0.7654,alert,0
1782285604.6886,subject_01,82,25.05,0.753,22.92,42.88,20.3,30.55,27.63,2.07,0.3643,0.3921,0.3251,0.0,0.0387,0.0,0.4557,0.0,0.0,0.8038,0.322,0.4554,0.0314,0.0,0.189,0.0503,0,0,0,0,0,-0.0937,-0.1032,0.0268,0.0,17,0.073,0.3908,0.7683,alert,0
1782285604.8374,subject_01,83,26.47,0.749,26.28,34.61,30.18,27.01,34.08,0.91,0.3058,0.1854,0.3686,0.0,0.0,0.0,0.3963,0.0062,0.0,0.7642,0.3898,0.9086,0.0,0.0,0.3769,0.0086,0,0,0,0,0,-0.3734,-0.0295,0.027,0.0,18,0.0756,0.3908,0.759,alert,0
1782285604.9735,subject_01,84,25.24,0.815,26.88,31.68,33.19,24.63,23.12,0.91,0.2421,0.0951,0.374,0.0,0.0,0.0,0.4436,0.0,0.0,0.7957,0.3194,0.444,0.0339,0.0,0.459,0.0516,0,0,0,0,0,-0.4813,0.1889,0.0286,0.0,19,0.0776,0.3908,0.75,scanning,0
1782285605.099,subject_01,85,25.94,0.83,29.72,26.56,38.62,19.74,26.01,1.97,0.2381,0.0,0.3674,0.0,0.0351,0.0,0.3664,0.0,0.0,0.7443,0.3449,0.6038,0.0,0.0,0.5482,0.0379,0,0,0,0,0,-0.3743,0.0119,0.0289,0.0,20,0.0791,0.3908,0.7412,scanning,0
1782285605.2152,subject_01,86,27.16,0.783,25.59,39.96,15.68,46.33,25.41,3.66,0.3674,0.3413,0.3295,0.0,0.0916,0.0,0.4303,0.0,0.0,0.7869,0.3049,0.3287,0.059,0.0,0.2352,0.0626,0,0,0,0,0,-0.113,-0.14,0.0286,0.0,21,0.0817,0.3908,0.7442,scanning,0
1782285605.3312,subject_01,87,22.95,0.762,21.52,42.05,23.0,23.2,20.67,1.12,0.3422,0.3858,0.3172,0.0,0.0068,0.0,0.4297,0.0,0.0,0.7865,0.2724,0.1252,0.1032,0.0,0.1947,0.0816,0,0,0,0,0,-0.0256,-0.1302,0.0286,0.0,21,0.0818,0.3908,0.7471,scanning,0
1782285605.4738,subject_01,88,22.5,0.758,21.11,42.08,22.32,19.18,24.9,0.91,0.3671,0.4413,0.3328,0.0,0.0,0.0,0.3293,0.0,0.0,0.7195,0.2986,0.3053,0.0641,0.0,0.1443,0.0673,0,0,0,0,0,-0.0165,-0.1148,0.0286,0.0,21,0.0811,0.3908,0.75,scanning,0
1782285605.6146,subject_01,89,23.06,0.753,21.36,41.96,22.3,20.98,27.08,0.92,0.3615,0.4274,0.3355,0.0,0.0003,0.0,0.3384,0.0,0.0,0.7256,0.3181,0.4319,0.0365,0.0,0.1569,0.0549,0,0,0,0,0,-0.0343,-0.1397,0.0285,0.0,21,0.0805,0.3908,0.7528,scanning,0
1782285605.7683,subject_01,90,24.73,0.758,26.95,32.15,34.57,20.96,20.42,1.05,0.2353,0.1247,0.406,0.0,0.0047,0.0,0.3775,0.0,0.0,0.7516,0.3008,0.3106,0.0629,0.0,0.4321,0.0656,0,0,0,0,0,-0.4565,-0.2333,0.0295,0.0,22,0.0844,0.4325,0.7444,scanning,0
1782285605.9227,subject_01,91,26.43,0.755,31.11,26.6,39.95,23.67,17.61,2.46,0.2212,0.0,0.3988,0.0,0.0515,0.0,0.3103,0.0,0.0,0.7069,0.2832,0.1856,0.0901,0.0,0.5731,0.0795,0,0,0,0,0,-0.4541,-0.1758,0.0302,0.0,22,0.0841,0.4325,0.7363,scanning,0
1782285606.0696,subject_01,92,25.5,0.759,29.63,26.95,39.77,19.84,18.97,2.43,0.2099,0.0063,0.3852,0.0,0.0504,0.0,0.3144,0.0,0.0,0.7096,0.2956,0.282,0.0691,0.0,0.5397,0.07,0,0,0,0,0,-0.5455,0.0484,0.0315,0.0,23,0.0858,0.4325,0.7283,scanning,0
1782285606.2273,subject_01,93,25.22,0.76,28.16,27.49,40.7,19.02,20.85,2.01,0.1851,0.0,0.3505,0.0,0.0365,0.0,0.3565,0.0,0.0,0.7377,0.317,0.43,0.037,0.0,0.5543,0.0547,0,0,0,0,0,-0.5243,-0.0391,0.0325,0.0,23,0.0859,0.4325,0.7204,scanning,0
1782285606.3647,subject_01,94,27.49,0.774,31.25,26.66,45.57,22.82,22.04,0.91,0.1747,0.0,0.383,0.0,0.0,0.0,0.3357,0.0,0.0,0.7238,0.3303,0.5114,0.0193,0.0,0.6921,0.0472,0,0,0,0,0,-0.5154,-0.1757,0.0335,0.0,24,0.0864,0.4325,0.7128,alert,0
1782285606.49,subject_01,95,28.87,0.77,32.03,26.46,46.11,23.76,30.56,1.59,0.2054,0.0,0.3524,0.0,0.0227,0.0,0.3125,0.0,0.0,0.7084,0.3888,0.9102,0.0,0.0,0.7007,0.0088,0,0,0,0,0,-0.5362,-0.0616,0.0344,0.0,25,0.0867,0.4325,0.7053,alert,0
1782285606.6217,subject_01,96,27.91,0.767,32.04,26.42,47.11,22.19,22.25,1.09,0.2239,0.0,0.3525,0.0,0.0059,0.0,0.3161,0.0,0.0,0.7107,0.318,0.4311,0.0367,0.0,0.6994,0.0554,0,0,0,0,0,-0.4742,0.0248,0.035,0.0,25,0.087,0.4325,0.6979,alert,0
1782285606.7561,subject_01,97,27.27,0.769,30.27,27.24,47.12,19.71,24.46,1.17,0.1968,0.0,0.3337,0.0,0.0086,0.0,0.3559,0.0,0.0,0.7372,0.3407,0.6034,0.0,0.0,0.6716,0.038,0,0,0,0,0,-0.599,-0.0091,0.0364,0.0,26,0.0874,0.4325,0.6907,alert,0
1782285606.8873,subject_01,98,27.97,0.762,30.35,27.02,45.44,22.57,29.62,1.32,0.2213,0.0,0.3328,0.0,0.0137,0.0,0.3251,0.0,0.0,0.7168,0.3759,0.832,0.0,0.0,0.6464,0.0163,0,0,0,0,0,-0.5107,-0.1869,0.0372,0.0,27,0.0885,0.4325,0.6837,alert,0
1782285607.0344,subject_01,99,25.22,0.746,21.69,40.51,22.76,31.85,32.72,0.91,0.3603,0.365,0.2939,0.0,0.0,0.0,0.3429,0.0188,0.0,0.7286,0.3636,0.7346,0.0,0.0,0.2136,0.0256,0,0,0,0,0,-0.0152,-0.1024,0.0372,0.0,28,0.0927,0.5027,0.6869,scanning,0
1782285607.1777,subject_01,100,23.51,0.741,20.55,42.11,22.63,23.38,30.12,0.91,0.3894,0.4476,0.2938,0.0,0.0,0.0,0.2753,0.0,0.0,0.6835,0.3326,0.5448,0.012,0.0,0.1386,0.0451,0,0,0,0,0,-0.051,-0.1195,0.0371,0.0,28,0.0922,0.5027,0.69,scanning,0
1782285607.2973,subject_01,101,22.51,0.742,19.85,42.77,21.94,21.89,24.85,0.91,0.3889,0.4766,0.2928,0.0,0.0,0.0,0.2673,0.0,0.0,0.6782,0.2921,0.2622,0.0734,0.0,0.1122,0.0733,0,0,0,0,0,-0.0272,-0.1386,0.037,0.0,28,0.0916,0.5027,0.6931,scanning,0
1782285607.4372,subject_01,102,22.72,0.747,20.74,40.95,24.24,19.3,26.95,0.91,0.3791,0.4409,0.3059,0.0,0.0,0.0,0.2489,0.0,0.0,0.6659,0.3114,0.3927,0.0451,0.0,0.1446,0.0608,0,0,0,0,0,0.0069,-0.1257,0.0371,0.0,28,0.091,0.5027,0.6961,scanning,0
1782285607.5811,subject_01,103,24.22,0.748,23.36,39.15,26.65,21.03,27.92,2.27,0.3743,0.3648,0.3011,0.0,0.0452,0.0,0.2837,0.0,0.0,0.6891,0.322,0.4514,0.0323,0.0,0.2139,0.0541,0,0,0,0,0,-0.0252,-0.0983,0.037,0.0,28,0.0906,0.5027,0.699,scanning,0
1782285607.7073,subject_01,104,22.85,0.747,21.07,40.74,23.76,20.03,26.09,1.9,0.373,0.4439,0.2951,0.0,0.033,0.0,0.2398,0.0,0.0,0.6599,0.3099,0.3523,0.0539,0.0,0.1419,0.065,0,0,0,0,0,-0.0022,-0.1017,0.037,0.0,28,0.0899,0.5027,0.7019,scanning,0
1782285607.8425,subject_01,105,24.4,0.758,25.73,33.32,33.78,21.63,18.66,2.18,0.2428,0.178,0.3603,0.0,0.0424,0.0,0.3314,0.0,0.0,0.7209,0.286,0.2006,0.0868,0.0,0.3836,0.0774,0,0,0,0,0,-0.4719,0.0138,0.0374,0.0,29,0.0937,0.5027,0.6952,scanning,0
1782285607.9842,subject_01,106,23.73,0.769,25.87,31.33,37.0,17.65,15.83,1.94,0.2412,0.1294,0.3315,0.0,0.0343,0.0,0.3341,0.0,0.0,0.7227,0.2651,0.0509,0.1194,0.0,0.4278,0.0918,0,0,0,0,0,-0.4969,0.1011,0.0382,0.0,29,0.0936,0.5027,0.6887,scanning,0
1782285608.1273,subject_01,107,24.08,0.768,25.64,31.27,37.01,18.7,18.9,1.68,0.2368,0.1193,0.3263,0.0,0.0255,0.0,0.3495,0.0,0.0,0.733,0.2891,0.2257,0.0814,0.0,0.437,0.0745,0,0,0,0,0,-0.4997,0.1329,0.0391,0.0,29,0.0931,0.5027,0.6822,scanning,0
1782285608.2519,subject_01,108,25.08,0.771,27.83,27.02,40.76,21.6,17.98,1.31,0.2288,0.0,0.3242,0.0,0.0133,0.0,0.3328,0.0,0.0,0.7218,0.2851,0.1895,0.0892,0.0,0.5468,0.0785,0,0,0,0,0,-0.5358,0.1634,0.0403,0.0,29,0.0926,0.5027,0.6759,scanning,0
1782285608.4074,subject_01,109,25.12,0.769,27.46,27.54,40.69,20.05,21.13,1.57,0.2167,0.0148,0.3276,0.0,0.0219,0.0,0.3327,0.0,0.0,0.7218,0.3136,0.3804,0.0477,0.0,0.532,0.06,0,0,0,0,0,-0.5387,0.1965,0.0416,0.0,29,0.0921,0.5027,0.6697,scanning,0
1782285608.5477,subject_01,110,25.62,0.773,28.27,27.78,41.01,18.86,23.62,2.21,0.2109,0.0148,0.3445,0.0,0.0433,0.0,0.3486,0.0,0.0,0.7324,0.3345,0.5254,0.0162,0.0,0.532,0.0457,0,0,0,0,0,-0.5352,0.1659,0.0426,0.0,29,0.0915,0.5027,0.6636,scanning,0
1782285608.6932,subject_01,111,25.18,0.772,27.66,28.88,40.22,17.66,22.83,2.0,0.222,0.0452,0.344,0.0,0.0362,0.0,0.3485,0.0,0.0,0.7323,0.3254,0.4614,0.0301,0.0,0.5043,0.0518,0,0,0,0,0,-0.5393,0.1911,0.0438,0.0,29,0.0909,0.5027,0.6577,scanning,0
1782285608.8373,subject_01,112,25.31,0.771,27.23,30.51,39.4,16.56,25.84,2.25,0.2164,0.0753,0.3509,0.0,0.0447,0.0,0.377,0.0,0.0,0.7513,0.3501,0.6344,0.0,0.0,0.477,0.0348,0,0,0,0,0,-0.5663,0.083,0.0447,0.0,30,0.0911,0.5027,0.6518,scanning,0
1782285608.9711,subject_01,113,24.47,0.765,28.07,27.48,40.86,17.99,14.61,2.38,0.201,0.029,0.3539,0.0,0.0488,0.0,0.3034,0.0,0.0,0.7022,0.2664,0.0609,0.1172,0.0,0.5191,0.0919,0,0,0,0,0,-0.6032,0.0807,0.0458,0.0,30,0.0906,0.5027,0.646,scanning,0
1782285609.1354,subject_01,114,24.04,0.726,19.26,46.16,13.97,40.5,20.21,1.81,0.3619,0.4983,0.2862,0.0,0.0299,0.0,0.3576,0.0,0.0,0.7384,0.2694,0.0535,0.1188,0.0,0.0925,0.0907,0,0,0,0,0,-0.0377,-0.1944,0.0459,0.0,31,0.0954,0.6289,0.6491,scanning,0
1782285609.2871,subject_01,115,23.18,0.744,20.85,43.03,23.88,21.38,24.26,2.13,0.3369,0.4218,0.2944,0.0,0.0406,0.0,0.3493,0.0,0.0,0.7329,0.3019,0.3282,0.0591,0.0,0.162,0.0646,0,0,0,0,0,0.0097,-0.1101,0.0459,0.0,31,0.0954,0.6289,0.6522,scanning,0
1782285609.4473,subject_01,116,23.22,0.746,21.35,42.37,24.95,18.92,26.8,1.34,0.3597,0.4161,0.313,0.0,0.0143,0.0,0.3328,0.0,0.0,0.7219,0.3165,0.4198,0.0392,0.0,0.1672,0.0562,0,0,0,0,0,-0.0145,-0.1338,0.0459,0.0,31,0.0948,0.6289,0.6552,scanning,0
1782285609.5871,subject_01,117,22.39,0.74,19.43,43.9,22.5,21.62,22.7,1.18,0.3369,0.454,0.2989,0.0,0.0088,0.0,0.3447,0.0,0.0,0.7298,0.2905,0.2431,0.0776,0.0,0.1328,0.0729,0,0,0,0,0,-0.0202,-0.1374,0.0459,0.0,31,0.0941,0.6289,0.6581,scanning,0
1782285609.7256,subject_01,118,23.27,0.737,20.27,44.74,21.41,24.57,24.21,1.5,0.3421,0.4543,0.3169,0.0,0.0195,0.0,0.3868,0.0,0.0,0.7579,0.3026,0.3115,0.0627,0.0,0.1324,0.0653,0,0,0,0,0,-0.007,-0.1773,0.046,0.0,31,0.0936,0.6289,0.661,scanning,0
1782285609.8688,subject_01,119,27.42,0.804,27.14,30.24,27.0,47.25,21.62,0.91,0.2295,0.073,0.3768,0.0,0.0,0.0,0.4201,0.0,0.0,0.7801,0.3128,0.3841,0.0469,0.0,0.4791,0.0577,0,0,0,0,0,-0.5015,0.1528,0.0467,0.0,32,0.0979,0.6289,0.6555,scanning,0
1782285610.0383,subject_01,120,24.48,0.808,25.52,32.98,35.51,19.51,22.58,0.91,0.224,0.1158,0.3566,0.0,0.0,0.0,0.4732,0.0,0.0,0.8155,0.3197,0.4499,0.0326,0.0,0.4402,0.0505,0,0,0,0,0,-0.5659,0.2204,0.048,0.0,32,0.0978,0.6289,0.65,scanning,0
1782285610.1771,subject_01,121,24.52,0.799,22.16,40.47,19.9,28.62,33.21,0.91,0.3805,0.4191,0.3415,0.0,0.0,0.0,0.3125,0.0,0.0,0.7083,0.3605,0.7252,0.0,0.0,0.1645,0.0268,0,0,0,0,0,-0.1199,-0.0557,0.0476,0.0,33,0.1013,0.6289,0.6529,scanning,0
1782285610.3202,subject_01,122,24.13,0.768,21.92,38.53,24.62,23.3,33.94,0.91,0.3582,0.3696,0.3093,0.0,0.0,0.0,0.2978,0.0414,0.0,0.6985,0.3725,0.8059,0.0,0.0,0.2095,0.019,0,0,0,0,0,-0.0789,-0.144,0.0474,0.0,33,0.1013,0.6289,0.6557,scanning,0
1782285610.4771,subject_01,123,30.54,0.764,34.53,26.74,56.9,25.65,19.64,0.91,0.0759,0.0,0.3681,0.0,0.0,0.0,0.3414,0.0,0.0,0.7276,0.3388,0.5676,0.007,0.0,0.9374,0.0417,0,0,0,0,0,-0.1623,-0.2991,0.0476,0.0,34,0.1019,0.6289,0.6504,alert,0
1782285610.6345,subject_01,124,25.59,0.735,25.4,31.58,32.56,30.49,23.5,1.5,0.2369,0.1336,0.3355,0.0,0.0196,0.0,0.3223,0.0,0.0,0.7148,0.3258,0.4712,0.028,0.0,0.424,0.0514,0,0,0,0,0,-0.233,-0.2395,0.0475,0.0,34,0.1018,0.6289,0.6532,scanning,0
1782285610.7847,subject_01,125,24.14,0.724,23.82,35.78,31.9,22.09,22.17,1.18,0.2829,0.2315,0.3261,0.0,0.009,0.0,0.3382,0.0,0.0,0.7254,0.3002,0.3173,0.0615,0.0,0.335,0.0659,0,0,0,0,0,-0.1425,-0.2005,0.0473,0.0,34,0.1018,0.6289,0.656,scanning,0
1782285610.9273,subject_01,126,25.42,0.719,23.15,38.78,23.0,37.6,22.25,1.85,0.2676,0.3094,0.3631,0.0,0.0312,0.0,0.3629,0.0,0.0,0.7419,0.3077,0.3462,0.0552,0.0,0.2642,0.0626,0,0,0,0,0,-0.0984,-0.192,0.0472,0.0,34,0.1014,0.6289,0.6587,scanning,0
1782285611.0836,subject_01,127,25.45,0.729,23.91,39.23,25.41,30.95,26.56,0.91,0.28,0.3057,0.4087,0.0,0.0,0.0,0.3911,0.0329,0.0,0.7607,0.3376,0.5545,0.0099,0.0,0.2675,0.0422,0,0,0,0,0,-0.1549,-0.2357,0.0471,0.0,34,0.1011,0.6289,0.6614,scanning,0
1782285611.2222,subject_01,128,24.86,0.723,23.04,42.06,23.91,31.19,21.3,0.91,0.2741,0.3422,0.4132,0.0,0.0,0.0,0.4659,0.0,0.0,0.8106,0.2978,0.284,0.0687,0.0,0.2343,0.0659,0,0,0,0,0,-0.1109,-0.1202,0.0468,0.0,35,0.1013,0.6289,0.6641,scanning,0
1782285611.3725,subject_01,129,25.24,0.72,22.12,44.9,18.99,35.74,24.59,0.91,0.305,0.4212,0.4172,0.0,0.0,0.0,0.46,0.0103,0.0,0.8066,0.3138,0.4051,0.0424,0.0,0.1625,0.0549,0,0,0,0,0,-0.1524,-0.2472,0.0467,0.0,36,0.1016,0.6289,0.6667,scanning,0
1782285611.5145,subject_01,130,25.43,0.709,23.3,42.53,24.07,31.76,24.28,0.91,0.3045,0.3379,0.3893,0.0,0.0,0.0,0.46,0.0,0.0,0.8067,0.311,0.3901,0.0456,0.0,0.2382,0.0563,0,0,0,0,0,-0.0987,-0.258,0.0468,0.0,36,0.1012,0.6289,0.6615,scanning,0
1782285611.6533,subject_01,131,26.51,0.688,22.1,45.24,15.86,47.04,24.57,0.91,0.2927,0.4074,0.4164,0.0,0.0,0.0,0.4588,0.0191,0.0,0.8059,0.3196,0.4222,0.0387,0.0,0.1751,0.0533,0,0,0,0,0,-0.1492,-0.2,0.0466,0.0,36,0.101,0.6289,0.6641,scanning,0
1782285611.7951,subject_01,132,23.68,0.685,21.27,44.39,22.42,28.48,18.52,0.91,0.3112,0.4183,0.3746,0.0,0.0,0.0,0.4106,0.0,0.0,0.7737,0.2634,0.0698,0.1153,0.0,0.1652,0.0874,0,0,0,0,0,-0.1618,-0.2796,0.0466,0.0,36,0.1009,0.6289,0.6591,scanning,0
1782285611.9314,subject_01,133,23.27,0.695,21.91,43.33,24.61,23.93,17.24,0.91,0.3193,0.4014,0.3767,0.0,0.0,0.0,0.3933,0.0,0.0,0.7622,0.2424,0.0,0.1528,0.0,0.1805,0.1043,0,0,0,0,0,-0.1381,-0.1975,0.0464,0.0,36,0.1007,0.6289,0.6617,scanning,0
1782285612.0772,subject_01,134,24.12,0.694,23.72,39.53,30.35,22.75,18.07,1.18,0.298,0.272,0.3438,0.0,0.0088,0.0,0.4323,0.0,0.0,0.7882,0.2675,0.0634,0.1167,0.0,0.2982,0.0873,0,0,0,0,0,-0.1229,-0.2343,0.0463,0.0,36,0.1003,0.6289,0.6642,scanning,0
1782285612.2225,subject_01,135,25.19,0.677,20.89,44.76,17.18,39.61,24.98,1.46,0.3379,0.4461,0.3394,0.0,0.0183,0.0,0.3694,0.0,0.0,0.7462,0.3097,0.3608,0.052,0.0,0.1399,0.061,0,0,0,0,0,-0.1604,-0.2862,0.0463,0.0,36,0.1,0.6289,0.6593,scanning,0
1782285612.3571,subject_01,136,25.17,0.697,24.5,38.26,28.79,27.82,22.31,1.36,0.2987,0.2613,0.3586,0.0,0.0148,0.0,0.3818,0.0,0.0,0.7545,0.299,0.2921,0.0669,0.0,0.3079,0.0672,0,0,0,0,0,-0.1418,-0.244,0.0463,0.0,36,0.0996,0.6289,0.6618,scanning,0
1782285612.4934,subject_01,137,24.96,0.694,23.28,39.19,25.6,28.01,28.05,0.91,0.3219,0.338,0.3711,0.0,0.0,0.0,0.292,0.0,0.0,0.6947,0.338,0.5556,0.0096,0.0,0.2382,0.0437,0,0,0,0,0,-0.1214,-0.2479,0.0462,0.0,36,0.099,0.6289,0.6642,scanning,0
1782285612.6288,subject_01,138,25.42,0.7,24.23,40.25,27.88,25.3,28.12,1.11,0.3208,0.304,0.3727,0.0,0.0066,0.0,0.4069,0.0,0.0,0.7713,0.3374,0.5639,0.0078,0.0,0.2691,0.041,0,0,0,0,0,-0.1437,-0.2578,0.0461,0.0,36,0.0985,0.6289,0.6594,scanning,0
1782285612.7707,subject_01,139,26.74,0.719,20.97,45.09,16.05,43.49,36.15,0.91,0.325,0.4182,0.3484,0.0,0.0,0.0,0.4772,0.1056,0.0,0.8182,0.3977,0.9892,0.0,0.0,0.1653,0.001,0,0,0,0,0,-0.2015,-0.2964,0.0462,0.0,36,0.0983,0.6289,0.6547,scanning,0
1782285612.9307,subject_01,140,26.15,0.717,24.0,39.5,24.27,32.32,32.29,1.07,0.3533,0.3192,0.3463,0.0,0.0054,0.0,0.3705,0.0093,0.0,0.747,0.3634,0.723,0.0,0.0,0.2552,0.0264,0,0,0,0,0,-0.1531,-0.1746,0.0459,0.0,37,0.0985,0.6289,0.6571,scanning,0
1782285613.0749,subject_01,141,25.12,0.713,22.65,40.11,24.92,26.72,33.37,0.91,0.3332,0.3567,0.3517,0.0,0.0,0.0,0.339,0.0,0.0,0.726,0.3774,0.8185,0.0,0.0,0.2212,0.0175,0,0,0,0,0,-0.1544,-0.1702,0.0457,0.0,37,0.0979,0.6289,0.6596,scanning,0
1782285613.219,subject_01,142,24.79,0.72,24.11,37.26,27.99,22.48,30.99,0.91,0.3531,0.3165,0.3534,0.0,0.0,0.0,0.2828,0.0,0.0,0.6885,0.3528,0.6543,0.0,0.0,0.2577,0.0341,0,0,0,0,0,-0.1808,-0.1222,0.0454,0.0,37,0.0976,0.6289,0.662,scanning,0
1782285613.38,subject_01,143,25.46,0.722,24.51,37.93,26.2,26.48,31.98,0.91,0.3534,0.3221,0.3745,0.0,0.0,0.0,0.3093,0.0,0.0,0.7062,0.3611,0.7056,0.0,0.0,0.2526,0.0288,0,0,0,0,0,-0.1679,-0.1067,0.0451,0.0,37,0.097,0.6289,0.6643,scanning,0
1782285613.5275,subject_01,144,24.56,0.734,23.32,39.53,26.11,25.14,26.94,0.91,0.3442,0.3305,0.3434,0.0,0.0,0.0,0.3853,0.0,0.0,0.7569,0.3213,0.4571,0.0311,0.0,0.245,0.0515,0,0,0,0,0,-0.1726,-0.0628,0.0448,0.0,37,0.0966,0.6289,0.6667,scanning,0
1782285613.6953,subject_01,145,23.7,0.744,23.33,38.43,27.63,19.48,26.18,0.91,0.3308,0.3392,0.3651,0.0,0.0,0.0,0.3307,0.0,0.0,0.7205,0.3206,0.4393,0.0349,0.0,0.2371,0.0543,0,0,0,0,0,-0.1473,-0.1307,0.0445,0.0,37,0.0965,0.6289,0.669,scanning,0
1782285613.8573,subject_01,146,25.77,0.718,24.64,38.62,26.77,27.39,31.39,0.91,0.349,0.3004,0.3643,0.0,0.0,0.0,0.3759,0.0,0.0,0.7506,0.3577,0.6819,0.0,0.0,0.2723,0.0303,0,0,0,0,0,-0.1565,-0.1059,0.0442,0.0,37,0.096,0.6289,0.6712,scanning,0
1782285613.9972,subject_01,147,24.16,0.733,21.92,40.33,23.13,24.98,31.27,0.91,0.3445,0.4035,0.3539,0.0,0.0,0.0,0.3077,0.0302,0.0,0.7052,0.3567,0.6868,0.0,0.0,0.1786,0.0306,0,0,0,0,0,-0.1124,-0.1066,0.044,0.0,37,0.0956,0.6289,0.6735,scanning,0
1782285614.1674,subject_01,148,24.01,0.737,22.8,40.4,26.85,19.98,28.53,0.91,0.3551,0.3564,0.3356,0.0,0.0,0.0,0.3934,0.0,0.0,0.7623,0.3315,0.5207,0.0172,0.0,0.2215,0.0453,0,0,0,0,0,-0.1289,-0.1634,0.0438,0.0,37,0.0954,0.6289,0.6757,scanning,0
1782285614.3318,subject_01,149,24.38,0.742,23.54,38.76,28.32,19.28,30.92,0.91,0.3426,0.324,0.3482,0.0,0.0,0.0,0.368,0.0,0.0,0.7454,0.3547,0.6707,0.0,0.0,0.2509,0.0314,0,0,0,0,0,-0.1178,-0.1534,0.0435,0.0,37,0.0949,0.6289,0.6779,scanning,0
1782285614.4977,subject_01,150,25.13,0.733,23.47,40.52,25.42,23.32,34.33,0.91,0.3563,0.3618,0.3661,0.0,0.0,0.0,0.3832,0.0,0.0,0.7554,0.3771,0.829,0.0,0.0,0.2166,0.0162,0,0,0,0,0,-0.1416,-0.0329,0.0433,0.0,38,0.095,0.6289,0.68,scanning,0
1782285614.6266,subject_01,151,25.03,0.753,23.78,41.28,26.76,22.34,30.56,0.92,0.3565,0.327,0.3464,0.0,0.0,0.0,0.4839,0.0,0.0,0.8226,0.345,0.6303,0.0,0.0,0.2482,0.0338,0,0,0,0,0,-0.1609,0.0103,0.0432,0.0333,38,0.0954,0.6289,0.6821,scanning,0
1782285614.7573,subject_01,152,25.44,0.753,24.68,40.71,28.7,19.01,34.48,0.87,0.3627,0.3099,0.3606,0.0,0.0,0.0,0.4831,0.0,0.0,0.8221,0.376,0.8259,0.0,0.0,0.2638,0.0159,0,0,0,0,0,-0.1441,0.0183,0.043,0.0667,37,0.0946,0.6289,0.6842,scanning,0
1782285614.8983,subject_01,153,25.14,0.752,24.56,41.22,30.27,18.02,30.46,0.73,0.346,0.2811,0.3466,0.0,0.0,0.0,0.5613,0.0,0.0,0.8742,0.3476,0.6438,0.0,0.0,0.2899,0.0317,0,0,0,0,0,-0.1562,-0.0128,0.0429,0.1,37,0.0944,0.6289,0.6863,scanning,0
1782285615.0424,subject_01,154,25.03,0.753,23.68,42.6,27.21,18.33,34.56,0.62,0.3798,0.3516,0.3416,0.0,0.0,0.0,0.5098,0.0,0.0,0.8399,0.3704,0.8007,0.0,0.0,0.2258,0.0181,0,0,0,0,0,-0.127,0.0629,0.0429,0.1333,37,0.0949,0.6289,0.6883,scanning,0
1782285615.1753,subject_01,155,25.02,0.756,24.4,40.51,29.57,17.45,32.91,0.62,0.3504,0.3001,0.3529,0.0,0.0,0.0,0.4982,0.0,0.0,0.8321,0.3661,0.766,0.0,0.0,0.2726,0.0213,0,0,0,0,0,-0.152,0.0307,0.0428,0.0,37,0.0949,0.6289,0.6903,scanning,0
1782285615.3008,subject_01,156,24.94,0.755,24.38,40.1,29.59,18.32,32.04,0.05,0.3546,0.2921,0.3406,0.0,0.0,0.0,0.4898,0.0,0.0,0.8265,0.3576,0.7125,0.0,0.0,0.2799,0.0262,0,0,0,0,0,-0.0911,0.0681,0.0428,0.0,37,0.095,0.6289,0.6923,scanning,0
1782285615.4582,subject_01,157,24.96,0.755,24.57,40.79,28.82,17.49,32.95,0.0,0.3728,0.3179,0.3533,0.0,0.0,0.0,0.477,0.0,0.0,0.818,0.3598,0.7274,0.0,0.0,0.2564,0.025,0,0,0,0,0,-0.1208,0.0291,0.0428,0.0,37,0.0951,0.6289,0.6943,scanning,0
1782285615.6039,subject_01,158,31.43,0.77,36.44,29.18,61.15,20.25,20.86,0.0,0.0602,0.0,0.3975,0.0,0.0,0.0,0.4584,0.0,0.0,0.8056,0.351,0.6656,0.0,0.0,1.0,0.0309,0,0,0,0,0,-0.3032,-0.0513,0.0427,0.0,38,0.0964,0.6289,0.6899,alert,0
1782285615.742,subject_01,159,25.92,0.759,27.22,33.64,37.43,19.69,27.83,0.0,0.2592,0.0902,0.3661,0.0,0.0,0.0,0.5141,0.0,0.0,0.8427,0.3507,0.6659,0.0,0.0,0.4635,0.0302,0,0,0,0,0,-0.2677,0.1103,0.0429,0.0,39,0.097,0.6289,0.6855,scanning,0
1782285615.865,subject_01,160,25.23,0.752,25.44,37.19,33.21,19.13,29.03,0.0,0.2934,0.2022,0.3625,0.0,0.0,0.0,0.4962,0.0,0.0,0.8308,0.3512,0.6653,0.0,0.0,0.3617,0.0305,0,0,0,0,0,-0.2037,0.0848,0.0431,0.0,39,0.0972,0.6289,0.6875,scanning,0
1782285616.0238,subject_01,161,25.32,0.759,25.88,35.94,34.37,17.87,30.29,0.0,0.2993,0.1812,0.3554,0.0,0.0,0.0,0.4712,0.0,0.0,0.8141,0.359,0.7228,0.0,0.0,0.3807,0.0255,0,0,0,0,0,-0.1487,0.0754,0.0432,0.0,39,0.0974,0.6289,0.6894,scanning,0
1782285616.1671,subject_01,162,25.22,0.756,24.91,38.23,30.4,18.86,33.81,0.0,0.3396,0.2701,0.3567,0.0,0.0,0.0,0.4301,0.0041,0.0,0.7867,0.3753,0.836,0.0,0.0,0.3,0.0153,0,0,0,0,0,-0.0872,0.0098,0.0433,0.0,39,0.0978,0.6289,0.6914,scanning,0
1782285616.2894,subject_01,163,24.57,0.761,24.05,39.77,28.55,17.51,32.77,0.0,0.3484,0.3245,0.363,0.0,0.0,0.0,0.4143,0.0,0.0,0.7762,0.3657,0.7622,0.0,0.0,0.2504,0.0223,0,0,0,0,0,-0.1065,0.0313,0.0434,0.0,39,0.0977,0.6289,0.6933,scanning,0
1782285616.4285,subject_01,164,24.95,0.759,25.04,38.88,30.81,17.34,31.34,0.0,0.3428,0.2714,0.36,0.0,0.0,0.0,0.4615,0.0,0.0,0.8077,0.3547,0.6981,0.0,0.0,0.2987,0.0278,0,0,0,0,0,-0.0586,0.0274,0.0434,0.0,38,0.0972,0.6289,0.6951,scanning,0
1782285616.5672,subject_01,165,25.07,0.756,24.9,39.47,29.81,18.43,31.98,0.0,0.3382,0.2871,0.3733,0.0,0.0,0.0,0.4619,0.0018,0.0,0.808,0.3624,0.7388,0.0,0.0,0.2845,0.0241,0,0,0,0,0,-0.0853,0.0023,0.0435,0.0,37,0.0965,0.6289,0.697,scanning,0
1782285616.711,subject_01,166,25.11,0.754,25.17,37.14,30.61,18.43,33.7,0.0,0.3425,0.2679,0.3624,0.0,0.0,0.0,0.3804,0.0098,0.0,0.7536,0.3741,0.8241,0.0,0.0,0.3019,0.0167,0,0,0,0,0,-0.0977,0.0642,0.043,0.0,36,0.0946,0.6289,0.6988,scanning,0
1782285616.8458,subject_01,167,25.15,0.757,25.66,37.56,31.17,17.63,32.12,0.0,0.3443,0.26,0.3731,0.0,0.0,0.0,0.4161,0.0,0.0,0.7774,0.3601,0.7376,0.0,0.0,0.3091,0.0246,0,0,0,0,0,-0.0953,0.057,0.0424,0.0,35,0.0939,0.6289,0.7006,scanning,0
1782285616.9922,subject_01,168,25.22,0.756,25.63,36.82,31.32,18.92,31.89,0.0,0.3358,0.2444,0.366,0.0,0.0,0.0,0.4055,0.0,0.0,0.7704,0.3609,0.7408,0.0,0.0,0.3233,0.0244,0,0,0,0,0,-0.1125,0.0613,0.0421,0.0333,34,0.0933,0.6289,0.7024,scanning,0
1782285617.1296,subject_01,169,25.7,0.758,26.36,35.26,33.05,17.95,35.35,0.0,0.3353,0.2099,0.3645,0.0,0.0,0.0,0.3923,0.016,0.0,0.7615,0.3881,0.9278,0.0,0.0,0.3547,0.0068,0,0,0,0,0,-0.0711,-0.0246,0.0422,0.0,33,0.0925,0.6289,0.7041,scanning,0
1782285617.2643,subject_01,170,25.54,0.765,26.19,36.87,31.62,18.0,34.02,0.0,0.357,0.2403,0.3636,0.0,0.0,0.0,0.4289,0.0049,0.0,0.786,0.3712,0.8161,0.0,0.0,0.327,0.0172,0,0,0,0,0,-0.0299,-0.2113,0.0425,0.0,34,0.0934,0.6289,0.7059,scanning,0
1782285617.4078,subject_01,171,26.08,0.738,24.84,38.65,26.88,25.56,37.18,0.0,0.3571,0.3,0.3637,0.0,0.0,0.0,0.4026,0.0097,0.0,0.7684,0.3981,0.9818,0.0,0.0,0.2727,0.0017,0,0,0,0,0,0.0324,-0.2576,0.0431,0.0333,34,0.0936,0.6289,0.7018,scanning,0
1782285617.5421,subject_01,172,26.46,0.734,25.62,38.59,27.91,26.93,34.8,0.0,0.353,0.264,0.3665,0.0,0.0,0.0,0.4245,0.0341,0.0,0.783,0.3817,0.86,0.0,0.0,0.3055,0.0131,0,0,0,0,0,-0.0236,-0.2305,0.0434,0.0667,33,0.0933,0.6289,0.7035,scanning,0
1782285617.667,subject_01,173,25.86,0.732,23.95,43.23,25.64,22.7,37.38,0.0,0.363,0.3589,0.3758,0.0,0.0,0.0,0.4878,0.0647,0.0,0.8252,0.3973,0.9824,0.0,0.0,0.2192,0.0016,0,0,0,0,0,-0.0377,-0.2522,0.0437,0.0,33,0.0931,0.6289,0.6994,scanning,0
1782285617.7917,subject_01,174,26.75,0.754,24.06,43.19,19.73,34.17,36.62,1.05,0.3415,0.3861,0.3912,0.0,0.035,0.0,0.487,0.0725,0.0,0.8247,0.397,0.9828,0.0,0.0,0.1944,0.0016,0,0,0,0,0,-0.0092,-0.1848,0.0438,0.0,33,0.0934,0.6289,0.7011,scanning,0
1782285617.922,subject_01,175,27.08,0.755,26.61,39.86,28.82,25.12,36.85,0.1,0.35,0.246,0.3889,0.0,0.0035,0.0,0.5705,0.0635,0.0,0.8804,0.3951,0.9811,0.0,0.0,0.3218,0.0017,0,0,0,0,0,-0.0337,-0.0434,0.0436,0.0,34,0.0939,0.6289,0.7029,scanning,0
1782285618.0414,subject_01,176,28.04,0.827,24.69,43.23,14.95,47.25,35.89,0.0,0.3432,0.3386,0.4067,0.0,0.0,0.0,0.5921,0.0329,0.0,0.8948,0.3915,0.9397,0.0,0.0,0.2376,0.0053,0,0,0,0,0,-0.0874,0.1761,0.0437,0.0,35,0.0951,0.6289,0.7045,scanning,0
1782285618.1716,subject_01,177,26.14,0.829,25.82,39.9,26.1,23.66,36.54,0.0,0.3426,0.2805,0.3999,0.0,0.0,0.0,0.5347,0.0545,0.0,0.8564,0.3962,0.9764,0.0,0.0,0.2905,0.0021,0,0,0,0,0,-0.0851,0.2176,0.0442,0.0,34,0.0944,0.6289,0.7062,scanning,0
1782285618.3344,subject_01,178,24.22,0.815,22.78,43.77,21.96,17.53,37.61,0.0,0.3664,0.4475,0.4062,0.0,0.0,0.0,0.4402,0.062,0.0,0.7935,0.398,0.9888,0.0,0.0,0.1387,0.001,0,0,0,0,0,-0.0548,0.1984,0.0447,0.0,34,0.0942,0.6289,0.7079,scanning,0
1782285618.4774,subject_01,179,30.15,0.774,27.52,40.77,15.53,55.05,38.19,0.0,0.3794,0.2851,0.4353,0.0,0.0,0.0,0.5583,0.0783,0.0,0.8722,0.3986,0.9962,0.0,0.0,0.2862,0.0003,0,0,0,0,0,-0.0277,-0.1211,0.0449,0.0,35,0.0963,0.6289,0.7095,scanning,0
1782285618.6271,subject_01,180,27.89,0.77,27.29,39.63,23.89,33.5,37.67,0.2,0.3722,0.2802,0.4223,0.0,0.0065,0.0,0.5102,0.0794,0.0,0.8402,0.3974,0.9803,0.0,0.0,0.2908,0.0018,0,0,0,0,0,-0.0478,-0.0727,0.0449,0.0,35,0.0962,0.6289,0.7111,scanning,0
1782285618.7645,subject_01,181,27.98,0.763,28.46,37.01,28.48,29.4,37.87,0.0,0.3728,0.2094,0.4107,0.0,0.0,0.0,0.4926,0.0524,0.0,0.8284,0.3973,0.9927,0.0,0.0,0.3551,0.0007,0,0,0,0,0,-0.0625,-0.0274,0.0449,0.0,35,0.0962,0.6289,0.7127,scanning,0
1782285618.8938,subject_01,182,26.1,0.77,25.23,39.18,25.32,26.82,35.62,0.08,0.3111,0.3062,0.4283,0.0,0.0026,0.0,0.4394,0.0131,0.0,0.793,0.3972,0.9865,0.0,0.0,0.2671,0.0013,0,0,0,0,0,-0.3592,0.146,0.0452,0.0,36,0.098,0.6289,0.7088,scanning,0
1782285619.0345,subject_01,183,25.93,0.792,27.81,32.66,34.22,20.71,30.56,0.0,0.2795,0.1327,0.408,0.0,0.0,0.0,0.4233,0.0,0.0,0.7822,0.367,0.7732,0.0,0.0,0.4248,0.0212,0,0,0,0,0,-0.4178,0.1568,0.0459,0.0,35,0.097,0.6289,0.7049,scanning,0
1782285619.1773,subject_01,184,25.93,0.809,27.4,34.56,31.24,21.13,33.02,0.0,0.3121,0.1908,0.4119,0.0,0.0,0.0,0.4175,0.0,0.0,0.7783,0.3765,0.8456,0.0,0.0,0.372,0.0145,0,0,0,0,0,-0.4025,0.1733,0.0465,0.0,35,0.0968,0.6289,0.7011,scanning,0
1782285619.3274,subject_01,185,26.39,0.825,28.59,31.77,33.41,20.94,34.64,0.0,0.3081,0.1292,0.4075,0.0,0.0,0.0,0.3885,0.0093,0.0,0.759,0.3906,0.9396,0.0,0.0,0.428,0.0057,0,0,0,0,0,-0.4559,0.0747,0.0468,0.0,35,0.0967,0.6289,0.6973,scanning,0
1782285619.4749,subject_01,186,26.38,0.82,28.69,32.47,35.64,17.45,35.07,0.0,0.2998,0.1092,0.4018,0.0,0.0,0.0,0.4553,0.0,0.0,0.8036,0.3975,0.9761,0.0,0.0,0.4461,0.0022,0,0,0,0,0,-0.4377,0.1879,0.0475,0.0,36,0.0971,0.6289,0.6935,scanning,0
1782285619.6119,subject_01,187,25.17,0.817,27.37,34.94,33.65,14.35,31.54,0.0,0.3157,0.1883,0.405,0.0,0.0,0.0,0.4459,0.0,0.0,0.7972,0.3637,0.7599,0.0,0.0,0.3742,0.0223,0,0,0,0,0,-0.4405,0.1819,0.0481,0.0,36,0.0971,0.6289,0.6898,scanning,0
1782285619.7501,subject_01,188,25.27,0.819,27.2,35.14,32.5,16.53,31.18,0.0,0.3074,0.1941,0.4118,0.0,0.0,0.0,0.4458,0.0,0.0,0.7972,0.3633,0.7557,0.0,0.0,0.369,0.0227,0,0,0,0,0,-0.3983,0.1432,0.0485,0.0,36,0.0972,0.6289,0.6862,scanning,0
1782285619.8853,subject_01,189,25.51,0.817,28.05,33.68,35.45,15.06,30.59,0.0,0.301,0.137,0.4001,0.0,0.0,0.0,0.4729,0.0,0.0,0.8153,0.3598,0.7372,0.0,0.0,0.4209,0.0241,0,0,0,0,0,-0.4251,0.1353,0.0491,0.0,35,0.0967,0.6289,0.6825,scanning,0
1782285620.0304,subject_01,190,25.42,0.816,28.19,33.92,35.0,14.06,31.03,0.0,0.3116,0.1572,0.4135,0.0,0.0,0.0,0.4503,0.0,0.0,0.8002,0.3617,0.7389,0.0,0.0,0.4026,0.0242,0,0,0,0,0,-0.426,0.1352,0.0496,0.0,34,0.0958,0.6289,0.6789,scanning,0
1782285620.1374,subject_01,191,25.36,0.814,26.42,36.98,30.63,16.1,35.59,0.0,0.3096,0.2467,0.4259,0.0,0.0,0.0,0.4471,0.02,0.0,0.7981,0.399,0.9851,0.0,0.0,0.3212,0.0014,0,0,0,0,0,-0.439,0.1421,0.0503,0.0,34,0.0957,0.6289,0.6754,scanning,0
1782285620.2996,subject_01,192,26.76,0.818,28.82,30.09,36.07,21.52,35.21,0.0,0.3091,0.0611,0.3538,0.0,0.0,0.0,0.4322,0.0278,0.0,0.7882,0.3933,0.9707,0.0,0.0,0.4899,0.0027,0,0,0,0,0,-0.2613,0.0576,0.0504,0.0,35,0.0969,0.6289,0.6719,scanning,0
1782285620.4043,subject_01,193,26.59,0.805,26.99,36.83,26.98,29.75,31.09,0.0,0.3844,0.215,0.3453,0.0,0.0,0.0,0.4904,0.0,0.0,0.827,0.3401,0.6092,0.0,0.0,0.35,0.0357,0,0,0,0,0,-0.1871,0.0173,0.0503,0.0,35,0.0971,0.6289,0.6736,scanning,0
1782285620.5148,subject_01,194,25.61,0.796,26.74,34.06,32.03,17.46,37.19,0.0,0.3713,0.2099,0.3438,0.0,0.0,0.0,0.3606,0.043,0.0,0.7404,0.3932,0.9574,0.0,0.0,0.3546,0.0041,0,0,0,0,0,-0.1787,0.017,0.0501,0.0,35,0.0968,0.6289,0.6753,scanning,0
1782285620.6211,subject_01,195,25.03,0.798,26.32,35.58,29.66,18.04,33.17,0.15,0.3859,0.2612,0.3539,0.0,0.005,0.0,0.3477,0.0,0.0,0.7318,0.3568,0.7164,0.0,0.0,0.308,0.0273,0,0,0,0,0,-0.2225,0.0684,0.05,0.0,35,0.0971,0.6289,0.6769,scanning,0
1782285620.7151,subject_01,196,25.34,0.813,25.24,38.18,25.03,24.01,34.2,0.0,0.3912,0.31,0.3548,0.0,0.0,0.0,0.3915,0.0,0.0,0.761,0.364,0.7609,0.0,0.0,0.2636,0.0226,0,0,0,0,0,-0.2408,0.1279,0.0502,0.0,35,0.0972,0.6289,0.6786,scanning,0
1782285620.81,subject_01,197,25.29,0.812,26.28,38.98,29.2,17.21,32.86,0.0,0.383,0.2707,0.3686,0.0,0.0,0.0,0.4986,0.0,0.0,0.8324,0.3546,0.7063,0.0,0.0,0.2994,0.0267,0,0,0,0,0,-0.1503,0.0996,0.0501,0.0,35,0.0975,0.6289,0.6802,scanning,0
1782285620.9112,subject_01,198,25.98,0.836,25.76,38.22,24.66,26.98,34.83,0.0,0.3627,0.276,0.3733,0.0,0.0,0.0,0.4547,0.0,0.0,0.8031,0.3766,0.8484,0.0,0.0,0.2945,0.014,0,0,0,0,0,-0.2082,0.1416,0.0503,0.0,35,0.0976,0.6289,0.6818,scanning,0
1782285621.0172,subject_01,199,24.24,0.834,24.02,39.22,25.62,16.83,35.85,0.0,0.377,0.3462,0.3528,0.0,0.0,0.0,0.3782,0.0037,0.0,0.7521,0.3803,0.8767,0.0,0.0,0.2308,0.0117,0,0,0,0,0,-0.171,0.0939,0.0503,0.0,35,0.0978,0.6289,0.6834,scanning,0
1782285621.1172,subject_01,200,23.99,0.837,23.78,40.83,25.79,12.84,37.44,0.0,0.3761,0.3766,0.372,0.0,0.0,0.0,0.4091,0.0318,0.0,0.7728,0.3934,0.9626,0.0,0.0,0.2031,0.0035,0,0,0,0,0,-0.1507,0.0987,0.0502,0.0,35,0.0976,0.6289,0.685,scanning,0
1782285621.2032,subject_01,201,24.0,0.837,24.19,38.76,25.4,13.89,38.26,0.0,0.3806,0.3757,0.383,0.0,0.0,0.0,0.3076,0.021,0.0,0.7051,0.3992,0.997,0.0,0.0,0.2039,0.0003,0,0,0,0,0,-0.1793,0.1583,0.0504,0.0,34,0.0965,0.6289,0.6866,scanning,0
